id,producto_id,anio,precio_unitario,subtotal,proveedor,created_at,updated_at
1,1,2025,598.55,598.55,GIK,"2026-03-31 11:48:04","2026-03-31 11:48:04"
2,2,2025,607.61,607.61,GIK,"2026-03-31 11:48:04","2026-03-31 11:48:04"
3,3,2025,613.76,613.76,GIK,"2026-03-31 11:48:04","2026-03-31 11:48:04"
4,4,2025,598.55,598.55,GIK,"2026-03-31 11:48:04","2026-03-31 11:48:04"
5,5,2025,598.55,598.55,GIK,"2026-03-31 11:48:04","2026-03-31 11:48:04"
6,6,2025,566.70,566.70,GIK,"2026-03-31 11:48:04","2026-03-31 11:48:04"
7,7,2025,567.83,567.83,GIK,"2026-03-31 11:48:04","2026-03-31 11:48:04"
8,8,2025,563.98,563.98,GIK,"2026-03-31 11:48:04","2026-03-31 11:48:04"
9,9,2025,559.94,559.94,GIK,"2026-03-31 11:48:04","2026-03-31 11:48:04"
10,10,2025,563.18,563.18,GIK,"2026-03-31 11:48:04","2026-03-31 11:48:04"
11,11,2025,560.90,560.90,GIK,"2026-03-31 11:48:04","2026-03-31 11:48:04"
12,12,2025,552.47,552.47,GIK,"2026-03-31 11:48:04","2026-03-31 11:48:04"
13,13,2025,582.15,582.15,GIK,"2026-03-31 11:48:04","2026-03-31 11:48:04"
14,14,2025,563.46,563.46,GIK,"2026-03-31 11:48:04","2026-03-31 11:48:04"
15,15,2025,370.72,370.72,GIK,"2026-03-31 11:48:04","2026-03-31 11:48:04"
16,16,2025,380.37,380.37,GIK,"2026-03-31 11:48:04","2026-03-31 11:48:04"
17,17,2025,569.59,569.59,GIK,"2026-03-31 11:48:04","2026-03-31 11:48:04"
18,18,2025,582.15,582.15,GIK,"2026-03-31 11:48:04","2026-03-31 11:48:04"
19,19,2025,578.44,578.44,GIK,"2026-03-31 11:48:04","2026-03-31 11:48:04"
20,20,2025,625.59,625.59,GIK,"2026-03-31 11:48:04","2026-03-31 11:48:04"
21,21,2025,992.44,992.44,beyram,"2026-03-31 11:48:04","2026-03-31 11:48:04"
22,22,2025,992.44,992.44,beyram,"2026-03-31 11:48:04","2026-03-31 11:48:04"
23,23,2025,824.85,824.85,beyram,"2026-03-31 11:48:04","2026-03-31 11:48:04"
24,24,2025,437.33,437.33,beyram,"2026-03-31 11:48:04","2026-03-31 11:48:04"
25,25,2025,831.22,831.22,beyram,"2026-03-31 11:48:04","2026-03-31 11:48:04"
26,26,2025,472.00,472.00,beyram,"2026-03-31 11:48:04","2026-03-31 11:48:04"
27,27,2025,472.00,472.00,beyram,"2026-03-31 11:48:04","2026-03-31 11:48:04"
28,28,2025,342.42,342.42,beyram,"2026-03-31 11:48:04","2026-03-31 11:48:04"
29,29,2025,329.81,329.81,beyram,"2026-03-31 11:48:04","2026-03-31 11:48:04"
30,30,2025,329.81,329.81,beyram,"2026-03-31 11:48:04","2026-03-31 11:48:04"
31,31,2025,524.68,524.68,beyram,"2026-03-31 11:48:04","2026-03-31 11:48:04"
32,32,2025,456.65,456.65,beyram,"2026-03-31 11:48:04","2026-03-31 11:48:04"
33,33,2025,88.50,88.50,beyram,"2026-03-31 11:48:04","2026-03-31 11:48:04"
34,34,2025,273.93,273.93,beyram,"2026-03-31 11:48:04","2026-03-31 11:48:04"
35,35,2025,464.62,464.62,beyram,"2026-03-31 11:48:04","2026-03-31 11:48:04"
36,36,2025,926.08,926.08,beyram,"2026-03-31 11:48:04","2026-03-31 11:48:04"
37,37,2025,926.08,926.08,beyram,"2026-03-31 11:48:04","2026-03-31 11:48:04"
38,38,2025,291.84,291.84,beyram,"2026-03-31 11:48:04","2026-03-31 11:48:04"
39,39,2025,320.28,320.28,beyram,"2026-03-31 11:48:04","2026-03-31 11:48:04"
40,40,2025,642.68,642.68,beyram,"2026-03-31 11:48:04","2026-03-31 11:48:04"
41,41,2025,176.99,176.99,beyram,"2026-03-31 11:48:04","2026-03-31 11:48:04"
42,42,2025,63.21,63.21,beyram,"2026-03-31 11:48:04","2026-03-31 11:48:04"
43,43,2025,239.15,239.15,beyram,"2026-03-31 11:48:04","2026-03-31 11:48:04"
44,44,2025,521.51,521.51,beyram,"2026-03-31 11:48:04","2026-03-31 11:48:04"
45,45,2025,682.71,682.71,beyram,"2026-03-31 11:48:04","2026-03-31 11:48:04"
46,46,2025,652.15,652.15,beyram,"2026-03-31 11:48:04","2026-03-31 11:48:04"
47,47,2025,652.15,652.15,beyram,"2026-03-31 11:48:04","2026-03-31 11:48:04"
48,48,2025,608.96,608.96,beyram,"2026-03-31 11:48:04","2026-03-31 11:48:04"
49,49,2025,32.67,32.67,beyram,"2026-03-31 11:48:04","2026-03-31 11:48:04"
50,50,2025,269.66,269.66,beyram,"2026-03-31 11:48:04","2026-03-31 11:48:04"
51,51,2025,104.31,104.31,beyram,"2026-03-31 11:48:04","2026-03-31 11:48:04"
52,52,2025,452.61,452.61,beyram,"2026-03-31 11:48:04","2026-03-31 11:48:04"
53,53,2025,2209.33,2209.33,beyram,"2026-03-31 11:48:04","2026-03-31 11:48:04"
54,54,2025,1078.85,1078.85,beyram,"2026-03-31 11:48:04","2026-03-31 11:48:04"
55,55,2025,302.37,302.37,beyram,"2026-03-31 11:48:04","2026-03-31 11:48:04"
56,56,2025,254.96,254.96,beyram,"2026-03-31 11:48:04","2026-03-31 11:48:04"
57,57,2025,213.43,213.43,beyram,"2026-03-31 11:48:04","2026-03-31 11:48:04"
58,58,2025,671.12,671.12,beyram,"2026-03-31 11:48:04","2026-03-31 11:48:04"
59,59,2025,421.43,421.43,beyram,"2026-03-31 11:48:04","2026-03-31 11:48:04"
60,60,2025,1367.53,1367.53,beyram,"2026-03-31 11:48:04","2026-03-31 11:48:04"
61,61,2025,171.74,171.74,beyram,"2026-03-31 11:48:04","2026-03-31 11:48:04"
62,62,2025,43.19,43.19,beyram,"2026-03-31 11:48:04","2026-03-31 11:48:04"
63,63,2025,168.56,168.56,beyram,"2026-03-31 11:48:04","2026-03-31 11:48:04"
64,64,2025,7.37,7.37,beyram,"2026-03-31 11:48:04","2026-03-31 11:48:04"
65,65,2025,218.09,218.09,beyram,"2026-03-31 11:48:04","2026-03-31 11:48:04"
66,66,2025,149.61,149.61,beyram,"2026-03-31 11:48:04","2026-03-31 11:48:04"
67,67,2025,132.75,132.75,beyram,"2026-03-31 11:48:04","2026-03-31 11:48:04"
68,68,2025,106.40,106.40,beyram,"2026-03-31 11:48:04","2026-03-31 11:48:04"
69,69,2025,54.78,54.78,beyram,"2026-03-31 11:48:04","2026-03-31 11:48:04"
70,70,2025,40.04,40.04,beyram,"2026-03-31 11:48:04","2026-03-31 11:48:04"
71,71,2025,703.79,703.79,beyram,"2026-03-31 11:48:04","2026-03-31 11:48:04"
72,72,2025,463.57,463.57,beyram,"2026-03-31 11:48:04","2026-03-31 11:48:04"
73,73,2025,580.51,580.51,beyram,"2026-03-31 11:48:04","2026-03-31 11:48:04"
74,74,2025,6.32,6.32,beyram,"2026-03-31 11:48:04","2026-03-31 11:48:04"
75,75,2025,90.60,90.60,beyram,"2026-03-31 11:48:04","2026-03-31 11:48:04"
76,76,2025,132.75,132.75,beyram,"2026-03-31 11:48:04","2026-03-31 11:48:04"
77,77,2025,276.04,276.04,beyram,"2026-03-31 11:48:04","2026-03-31 11:48:04"
78,78,2025,179.10,179.10,beyram,"2026-03-31 11:48:04","2026-03-31 11:48:04"
79,79,2025,7649.96,7649.96,beyram,"2026-03-31 11:48:04","2026-03-31 11:48:04"
80,80,2025,693.16,693.16,SPAHER,"2026-03-31 11:48:04","2026-03-31 11:48:04"
81,81,2025,693.15,693.15,SPAHER,"2026-03-31 11:48:04","2026-03-31 11:48:04"
82,82,2025,693.16,693.16,SPAHER,"2026-03-31 11:48:04","2026-03-31 11:48:04"
83,83,2025,693.16,693.16,SPAHER,"2026-03-31 11:48:04","2026-03-31 11:48:04"
84,84,2025,693.16,693.16,SPAHER,"2026-03-31 11:48:04","2026-03-31 11:48:04"
85,85,2025,365.86,365.86,SPAHER,"2026-03-31 11:48:04","2026-03-31 11:48:04"
86,86,2025,449.88,449.88,SPAHER,"2026-03-31 11:48:04","2026-03-31 11:48:04"
87,87,2025,715.37,715.37,SPAHER,"2026-03-31 11:48:04","2026-03-31 11:48:04"
88,88,2025,676.75,676.75,SPAHER,"2026-03-31 11:48:04","2026-03-31 11:48:04"
89,89,2025,697.99,697.99,SPAHER,"2026-03-31 11:48:04","2026-03-31 11:48:04"
90,90,2025,696.06,696.06,SPAHER,"2026-03-31 11:48:04","2026-03-31 11:48:04"
91,91,2025,694.06,694.06,SPAHER,"2026-03-31 11:48:04","2026-03-31 11:48:04"
92,92,2025,706.05,706.05,SPAHER,"2026-03-31 11:48:04","2026-03-31 11:48:04"
93,93,2025,697.99,697.99,SPAHER,"2026-03-31 11:48:04","2026-03-31 11:48:04"
94,94,2025,331.14,331.14,SPAHER,"2026-03-31 11:48:04","2026-03-31 11:48:04"
95,95,2025,919.07,919.07,SPAHER,"2026-03-31 11:48:04","2026-03-31 11:48:04"
96,96,2025,958.65,958.65,SPAHER,"2026-03-31 11:48:04","2026-03-31 11:48:04"
97,97,2025,959.83,959.83,SPAHER,"2026-03-31 11:48:04","2026-03-31 11:48:04"
98,98,2025,915.31,915.31,SPAHER,"2026-03-31 11:48:04","2026-03-31 11:48:04"
99,99,2025,944.38,944.38,SPAHER,"2026-03-31 11:48:04","2026-03-31 11:48:04"
100,100,2025,944.38,944.38,SPAHER,"2026-03-31 11:48:04","2026-03-31 11:48:04"
101,101,2025,966.89,966.89,SPAHER,"2026-03-31 11:48:04","2026-03-31 11:48:04"
102,102,2025,918.10,918.10,SPAHER,"2026-03-31 11:48:04","2026-03-31 11:48:04"
103,103,2025,795.50,795.50,SPAHER,"2026-03-31 11:48:04","2026-03-31 11:48:04"
104,104,2025,795.50,795.50,SPAHER,"2026-03-31 11:48:04","2026-03-31 11:48:04"
105,105,2025,836.05,836.05,SPAHER,"2026-03-31 11:48:04","2026-03-31 11:48:04"
106,106,2025,818.66,818.66,SPAHER,"2026-03-31 11:48:04","2026-03-31 11:48:04"
107,107,2025,821.01,821.01,SPAHER,"2026-03-31 11:48:04","2026-03-31 11:48:04"
108,108,2025,799.83,799.83,SPAHER,"2026-03-31 11:48:04","2026-03-31 11:48:04"
109,109,2025,528.08,528.08,SPAHER,"2026-03-31 11:48:04","2026-03-31 11:48:04"
110,110,2025,481.45,481.45,SPAHER,"2026-03-31 11:48:04","2026-03-31 11:48:04"
111,111,2025,812.87,812.87,SPAHER,"2026-03-31 11:48:04","2026-03-31 11:48:04"
112,112,2025,946.76,946.76,UNIFORMA,"2026-03-31 11:48:04","2026-03-31 11:48:04"
113,113,2025,951.26,951.26,UNIFORMA,"2026-03-31 11:48:04","2026-03-31 11:48:04"
114,114,2025,955.76,955.76,UNIFORMA,"2026-03-31 11:48:04","2026-03-31 11:48:04"
115,115,2025,948.74,948.74,UNIFORMA,"2026-03-31 11:48:04","2026-03-31 11:48:04"
116,116,2025,948.29,948.29,UNIFORMA,"2026-03-31 11:48:04","2026-03-31 11:48:04"
117,117,2025,928.72,928.72,UNIFORMA,"2026-03-31 11:48:04","2026-03-31 11:48:04"
118,118,2025,944.03,944.03,UNIFORMA,"2026-03-31 11:48:04","2026-03-31 11:48:04"
119,119,2025,825.98,825.98,UNIFORMA,"2026-03-31 11:48:04","2026-03-31 11:48:04"
120,120,2025,823.50,823.50,UNIFORMA,"2026-03-31 11:48:04","2026-03-31 11:48:04"
121,121,2025,823.50,823.50,UNIFORMA,"2026-03-31 11:48:04","2026-03-31 11:48:04"
122,122,2025,823.50,823.50,UNIFORMA,"2026-03-31 11:48:04","2026-03-31 11:48:04"
123,123,2025,860.97,860.97,UNIFORMA,"2026-03-31 11:48:04","2026-03-31 11:48:04"
124,124,2025,866.71,866.71,UNIFORMA,"2026-03-31 11:48:04","2026-03-31 11:48:04"
125,125,2025,894.47,894.47,UNIFORMA,"2026-03-31 11:48:04","2026-03-31 11:48:04"
126,126,2025,850.99,850.99,UNIFORMA,"2026-03-31 11:48:04","2026-03-31 11:48:04"
127,127,2025,174.74,174.74,UNIFORMA,"2026-03-31 11:48:04","2026-03-31 11:48:04"
128,128,2025,1195.18,1195.18,UNIFORMA,"2026-03-31 11:48:04","2026-03-31 11:48:04"
129,129,2025,1133.39,1133.39,UNIFORMA,"2026-03-31 11:48:04","2026-03-31 11:48:04"
130,130,2025,1100.68,1100.68,UNIFORMA,"2026-03-31 11:48:04","2026-03-31 11:48:04"
131,131,2025,1214.49,1214.49,UNIFORMA,"2026-03-31 11:48:04","2026-03-31 11:48:04"
132,132,2025,1106.71,1106.71,UNIFORMA,"2026-03-31 11:48:04","2026-03-31 11:48:04"
133,133,2025,1214.49,1214.49,UNIFORMA,"2026-03-31 11:48:04","2026-03-31 11:48:04"
134,134,2025,1214.49,1214.49,UNIFORMA,"2026-03-31 11:48:04","2026-03-31 11:48:04"
135,135,2025,1195.18,1195.18,UNIFORMA,"2026-03-31 11:48:04","2026-03-31 11:48:04"
136,136,2025,1214.49,1214.49,UNIFORMA,"2026-03-31 11:48:04","2026-03-31 11:48:04"
137,137,2025,1063.88,1063.88,UNIFORMA,"2026-03-31 11:48:04","2026-03-31 11:48:04"
138,138,2025,865.98,865.98,UNIFORMA,"2026-03-31 11:48:04","2026-03-31 11:48:04"
139,139,2025,945.14,945.14,UNIFORMA,"2026-03-31 11:48:04","2026-03-31 11:48:04"
140,140,2025,1019.69,1019.69,UNIFORMA,"2026-03-31 11:48:04","2026-03-31 11:48:04"
141,141,2025,918.48,918.48,UNIFORMA,"2026-03-31 11:48:04","2026-03-31 11:48:04"
142,142,2025,902.50,902.50,UNIFORMA,"2026-03-31 11:48:04","2026-03-31 11:48:04"
143,143,2025,1011.08,1011.08,UNIFORMA,"2026-03-31 11:48:04","2026-03-31 11:48:04"
144,144,2025,462.42,462.42,SPAHER,"2026-03-31 11:48:04","2026-03-31 11:48:04"
145,145,2025,2275.47,2275.47,SPAHER,"2026-03-31 11:48:04","2026-03-31 11:48:04"
146,146,2025,2275.47,2275.47,SPAHER,"2026-03-31 11:48:04","2026-03-31 11:48:04"
147,147,2025,1004.99,1004.99,SPAHER,"2026-03-31 11:48:04","2026-03-31 11:48:04"
148,148,2025,1004.99,1004.99,SPAHER,"2026-03-31 11:48:04","2026-03-31 11:48:04"
149,149,2025,1050.37,1050.37,SPAHER,"2026-03-31 11:48:04","2026-03-31 11:48:04"
150,150,2025,1050.37,1050.37,SPAHER,"2026-03-31 11:48:04","2026-03-31 11:48:04"
151,151,2025,454.24,454.24,SPAHER,"2026-03-31 11:48:04","2026-03-31 11:48:04"
152,152,2025,327.07,327.07,SPAHER,"2026-03-31 11:48:04","2026-03-31 11:48:04"
153,153,2025,326.31,326.31,SPAHER,"2026-03-31 11:48:04","2026-03-31 11:48:04"
154,154,2025,294.45,294.45,SPAHER,"2026-03-31 11:48:04","2026-03-31 11:48:04"
155,155,2025,281.90,281.90,SPAHER,"2026-03-31 11:48:04","2026-03-31 11:48:04"
156,156,2025,89.78,89.78,SPAHER,"2026-03-31 11:48:04","2026-03-31 11:48:04"
157,157,2025,90.74,90.74,SPAHER,"2026-03-31 11:48:04","2026-03-31 11:48:04"
158,158,2025,853.42,853.42,SPAHER,"2026-03-31 11:48:04","2026-03-31 11:48:04"
159,159,2025,291.84,,,"2026-03-31 11:49:44","2026-03-31 11:49:44"
160,160,2025,671.12,,,"2026-03-31 11:49:44","2026-03-31 11:49:44"
161,161,2025,671.12,,,"2026-03-31 11:49:44","2026-03-31 11:49:44"
162,162,2025,421.43,,,"2026-03-31 11:49:44","2026-03-31 11:49:44"
163,163,2025,421.43,,,"2026-03-31 11:49:44","2026-03-31 11:49:44"
164,164,2025,171.74,,,"2026-03-31 11:49:44","2026-03-31 11:49:44"
165,165,2025,43.19,,,"2026-03-31 11:49:44","2026-03-31 11:49:44"
166,166,2025,218.09,,,"2026-03-31 11:49:44","2026-03-31 11:49:44"
167,167,2025,132.75,,,"2026-03-31 11:49:44","2026-03-31 11:49:44"
168,168,2025,6.32,,,"2026-03-31 11:49:44","2026-03-31 11:49:44"
169,169,2025,7.37,,,"2026-03-31 11:49:44","2026-03-31 11:49:44"
170,170,2025,106.40,,,"2026-03-31 11:49:44","2026-03-31 11:49:44"
171,171,2025,703.79,,,"2026-03-31 11:49:44","2026-03-31 11:49:44"
172,172,2025,2209.33,,,"2026-03-31 11:49:44","2026-03-31 11:49:44"
173,173,2025,992.44,,,"2026-03-31 11:49:44","2026-03-31 11:49:44"
174,174,2025,992.44,,,"2026-03-31 11:49:44","2026-03-31 11:49:44"
175,175,2025,992.44,,,"2026-03-31 11:49:44","2026-03-31 11:49:44"
176,176,2025,168.56,,,"2026-03-31 11:49:44","2026-03-31 11:49:44"
177,177,2025,7649.96,,,"2026-03-31 11:49:44","2026-03-31 11:49:44"
178,178,2025,90.74,,,"2026-03-31 11:49:44","2026-03-31 11:49:44"
179,179,2025,1195.18,,,"2026-03-31 11:49:44","2026-03-31 11:49:44"
180,180,2025,1195.18,,,"2026-03-31 11:49:44","2026-03-31 11:49:44"
181,181,2025,1100.68,,,"2026-03-31 11:49:44","2026-03-31 11:49:44"
182,182,2025,1214.49,,,"2026-03-31 11:49:44","2026-03-31 11:49:44"
183,183,2025,1214.49,,,"2026-03-31 11:49:44","2026-03-31 11:49:44"
184,184,2025,1214.49,,,"2026-03-31 11:49:44","2026-03-31 11:49:44"
185,185,2025,1214.49,,,"2026-03-31 11:49:44","2026-03-31 11:49:44"
186,186,2025,1063.88,,,"2026-03-31 11:49:44","2026-03-31 11:49:44"
187,187,2025,865.98,,,"2026-03-31 11:49:44","2026-03-31 11:49:44"
188,188,2025,1019.69,,,"2026-03-31 11:49:44","2026-03-31 11:49:44"
189,189,2025,1011.08,,,"2026-03-31 11:49:44","2026-03-31 11:49:44"
190,190,2025,1011.08,,,"2026-03-31 11:49:44","2026-03-31 11:49:44"
191,191,2025,329.81,,,"2026-03-31 11:49:44","2026-03-31 11:49:44"
192,192,2025,329.81,,,"2026-03-31 11:49:44","2026-03-31 11:49:44"
193,193,2025,812.87,,,"2026-03-31 11:49:44","2026-03-31 11:49:44"
194,194,2025,676.75,,,"2026-03-31 11:49:44","2026-03-31 11:49:44"
195,195,2025,697.99,,,"2026-03-31 11:49:44","2026-03-31 11:49:44"
196,196,2025,696.06,,,"2026-03-31 11:49:44","2026-03-31 11:49:44"
197,197,2025,696.06,,,"2026-03-31 11:49:44","2026-03-31 11:49:44"
198,198,2025,696.06,,,"2026-03-31 11:49:44","2026-03-31 11:49:44"
199,199,2025,694.06,,,"2026-03-31 11:49:44","2026-03-31 11:49:44"
200,200,2025,706.05,,,"2026-03-31 11:49:44","2026-03-31 11:49:44"
201,201,2025,706.05,,,"2026-03-31 11:49:44","2026-03-31 11:49:44"
202,202,2025,799.83,,,"2026-03-31 11:49:44","2026-03-31 11:49:44"
203,203,2025,919.07,,,"2026-03-31 11:49:44","2026-03-31 11:49:44"
204,204,2025,919.07,,,"2026-03-31 11:49:44","2026-03-31 11:49:44"
205,205,2025,958.65,,,"2026-03-31 11:49:44","2026-03-31 11:49:44"
206,206,2025,958.65,,,"2026-03-31 11:49:44","2026-03-31 11:49:44"
207,207,2025,959.83,,,"2026-03-31 11:49:44","2026-03-31 11:49:44"
208,208,2025,959.83,,,"2026-03-31 11:49:44","2026-03-31 11:49:44"
209,209,2025,915.31,,,"2026-03-31 11:49:44","2026-03-31 11:49:44"
210,210,2025,915.31,,,"2026-03-31 11:49:44","2026-03-31 11:49:44"
211,211,2025,944.38,,,"2026-03-31 11:49:44","2026-03-31 11:49:44"
212,212,2025,944.38,,,"2026-03-31 11:49:44","2026-03-31 11:49:44"
213,213,2025,944.38,,,"2026-03-31 11:49:44","2026-03-31 11:49:44"
214,214,2025,944.38,,,"2026-03-31 11:49:44","2026-03-31 11:49:44"
215,215,2025,966.89,,,"2026-03-31 11:49:44","2026-03-31 11:49:44"
216,216,2025,918.10,,,"2026-03-31 11:49:44","2026-03-31 11:49:44"
217,217,2025,2275.47,,,"2026-03-31 11:49:44","2026-03-31 11:49:44"
218,218,2025,693.16,,,"2026-03-31 11:49:44","2026-03-31 11:49:44"
219,219,2025,693.15,,,"2026-03-31 11:49:44","2026-03-31 11:49:44"
220,220,2025,693.15,,,"2026-03-31 11:49:44","2026-03-31 11:49:44"
221,221,2025,693.15,,,"2026-03-31 11:49:44","2026-03-31 11:49:44"
222,222,2025,693.15,,,"2026-03-31 11:49:44","2026-03-31 11:49:44"
223,223,2025,693.15,,,"2026-03-31 11:49:44","2026-03-31 11:49:44"
224,224,2025,693.15,,,"2026-03-31 11:49:44","2026-03-31 11:49:44"
225,225,2025,693.16,,,"2026-03-31 11:49:44","2026-03-31 11:49:44"
226,226,2025,693.16,,,"2026-03-31 11:49:44","2026-03-31 11:49:44"
227,227,2025,693.16,,,"2026-03-31 11:49:44","2026-03-31 11:49:44"
228,228,2025,693.16,,,"2026-03-31 11:49:44","2026-03-31 11:49:44"
229,229,2025,693.16,,,"2026-03-31 11:49:44","2026-03-31 11:49:44"
230,230,2025,693.16,,,"2026-03-31 11:49:44","2026-03-31 11:49:44"
231,231,2025,462.42,,,"2026-03-31 11:49:44","2026-03-31 11:49:44"
232,232,2025,462.42,,,"2026-03-31 11:49:44","2026-03-31 11:49:44"
233,233,2025,1004.99,,,"2026-03-31 11:49:44","2026-03-31 11:49:44"
234,234,2025,1004.99,,,"2026-03-31 11:49:44","2026-03-31 11:49:44"
235,235,2025,1050.37,,,"2026-03-31 11:49:44","2026-03-31 11:49:44"
236,236,2025,1050.37,,,"2026-03-31 11:49:44","2026-03-31 11:49:44"
237,237,2025,1050.37,,,"2026-03-31 11:49:44","2026-03-31 11:49:44"
238,238,2025,560.90,,,"2026-03-31 11:49:44","2026-03-31 11:49:44"
239,239,2025,560.90,,,"2026-03-31 11:49:44","2026-03-31 11:49:44"
240,240,2025,552.47,,,"2026-03-31 11:49:44","2026-03-31 11:49:44"
241,241,2025,552.47,,,"2026-03-31 11:49:44","2026-03-31 11:49:44"
242,242,2025,552.47,,,"2026-03-31 11:49:44","2026-03-31 11:49:44"
243,243,2025,582.15,,,"2026-03-31 11:49:44","2026-03-31 11:49:44"
244,244,2025,563.46,,,"2026-03-31 11:49:44","2026-03-31 11:49:44"
245,245,2025,563.46,,,"2026-03-31 11:49:44","2026-03-31 11:49:44"
246,246,2025,569.59,,,"2026-03-31 11:49:44","2026-03-31 11:49:44"
247,247,2025,582.15,,,"2026-03-31 11:49:44","2026-03-31 11:49:44"
248,248,2025,582.15,,,"2026-03-31 11:49:44","2026-03-31 11:49:44"
249,249,2025,578.44,,,"2026-03-31 11:49:44","2026-03-31 11:49:44"
250,250,2025,281.90,,,"2026-03-31 11:49:44","2026-03-31 11:49:44"
251,251,2025,598.55,,,"2026-03-31 11:49:44","2026-03-31 11:49:44"
252,252,2025,607.61,,,"2026-03-31 11:49:44","2026-03-31 11:49:44"
253,253,2025,607.61,,,"2026-03-31 11:49:44","2026-03-31 11:49:44"
254,254,2025,613.76,,,"2026-03-31 11:49:44","2026-03-31 11:49:44"
255,255,2025,613.76,,,"2026-03-31 11:49:44","2026-03-31 11:49:44"
256,256,2025,613.76,,,"2026-03-31 11:49:44","2026-03-31 11:49:44"
257,257,2025,598.55,,,"2026-03-31 11:49:44","2026-03-31 11:49:44"
258,258,2025,598.55,,,"2026-03-31 11:49:44","2026-03-31 11:49:44"
259,259,2025,567.83,,,"2026-03-31 11:49:44","2026-03-31 11:49:44"
260,260,2025,567.83,,,"2026-03-31 11:49:44","2026-03-31 11:49:44"
261,261,2025,563.98,,,"2026-03-31 11:49:44","2026-03-31 11:49:44"
262,262,2025,563.98,,,"2026-03-31 11:49:44","2026-03-31 11:49:44"
263,263,2025,559.94,,,"2026-03-31 11:49:44","2026-03-31 11:49:44"
264,264,2025,559.94,,,"2026-03-31 11:49:44","2026-03-31 11:49:44"
265,265,2025,559.94,,,"2026-03-31 11:49:44","2026-03-31 11:49:44"
266,266,2025,559.94,,,"2026-03-31 11:49:44","2026-03-31 11:49:44"
267,267,2025,380.37,,,"2026-03-31 11:49:44","2026-03-31 11:49:44"
268,268,2025,380.37,,,"2026-03-31 11:49:44","2026-03-31 11:49:44"
269,269,2025,625.59,,,"2026-03-31 11:49:44","2026-03-31 11:49:44"
270,270,2025,625.59,,,"2026-03-31 11:49:44","2026-03-31 11:49:44"
271,271,2025,946.76,,,"2026-03-31 11:49:44","2026-03-31 11:49:44"
272,272,2025,955.76,,,"2026-03-31 11:49:44","2026-03-31 11:49:44"
273,273,2025,948.74,,,"2026-03-31 11:49:44","2026-03-31 11:49:44"
274,274,2025,948.74,,,"2026-03-31 11:49:44","2026-03-31 11:49:44"
275,275,2025,948.29,,,"2026-03-31 11:49:44","2026-03-31 11:49:44"
276,276,2025,948.29,,,"2026-03-31 11:49:44","2026-03-31 11:49:44"
277,277,2025,928.72,,,"2026-03-31 11:49:44","2026-03-31 11:49:44"
278,278,2025,928.72,,,"2026-03-31 11:49:44","2026-03-31 11:49:44"
279,279,2025,928.72,,,"2026-03-31 11:49:44","2026-03-31 11:49:44"
280,280,2025,944.03,,,"2026-03-31 11:49:44","2026-03-31 11:49:44"
281,281,2025,944.03,,,"2026-03-31 11:49:44","2026-03-31 11:49:44"
282,282,2025,944.03,,,"2026-03-31 11:49:44","2026-03-31 11:49:44"
283,283,2025,825.98,,,"2026-03-31 11:49:44","2026-03-31 11:49:44"
284,284,2025,860.97,,,"2026-03-31 11:49:44","2026-03-31 11:49:44"
285,285,2025,860.97,,,"2026-03-31 11:49:44","2026-03-31 11:49:44"
286,286,2025,860.97,,,"2026-03-31 11:49:44","2026-03-31 11:49:44"
287,287,2025,860.97,,,"2026-03-31 11:49:44","2026-03-31 11:49:44"
288,288,2025,860.97,,,"2026-03-31 11:49:44","2026-03-31 11:49:44"
289,289,2025,860.97,,,"2026-03-31 11:49:44","2026-03-31 11:49:44"
290,290,2025,860.97,,,"2026-03-31 11:49:44","2026-03-31 11:49:44"
291,291,2025,642.68,,,"2026-03-31 11:49:44","2026-03-31 11:49:44"
292,292,2025,521.51,,,"2026-03-31 11:49:44","2026-03-31 11:49:44"
293,293,2025,149.61,,,"2026-03-31 11:49:44","2026-03-31 11:49:44"
294,294,2025,276.04,,,"2026-03-31 11:49:44","2026-03-31 11:49:44"
295,295,2025,463.57,,,"2026-03-31 11:49:44","2026-03-31 11:49:44"
296,296,2025,992.44,,,"2026-03-31 11:49:44","2026-03-31 11:49:44"
297,297,2025,992.44,,,"2026-03-31 11:49:44","2026-03-31 11:49:44"
298,298,2025,90.74,,,"2026-03-31 11:49:44","2026-03-31 11:49:44"
299,299,2025,90.74,,,"2026-03-31 11:49:44","2026-03-31 11:49:44"
300,300,2025,90.74,,,"2026-03-31 11:49:44","2026-03-31 11:49:44"
301,301,2025,90.74,,,"2026-03-31 11:49:44","2026-03-31 11:49:44"
302,302,2025,1214.49,,,"2026-03-31 11:49:44","2026-03-31 11:49:44"
303,303,2025,1214.49,,,"2026-03-31 11:49:44","2026-03-31 11:49:44"
304,304,2025,1195.18,,,"2026-03-31 11:49:44","2026-03-31 11:49:44"
305,305,2025,1195.18,,,"2026-03-31 11:49:44","2026-03-31 11:49:44"
306,306,2025,945.14,,,"2026-03-31 11:49:44","2026-03-31 11:49:44"
307,307,2025,1019.69,,,"2026-03-31 11:49:44","2026-03-31 11:49:44"
308,308,2025,1019.69,,,"2026-03-31 11:49:44","2026-03-31 11:49:44"
309,309,2025,902.50,,,"2026-03-31 11:49:44","2026-03-31 11:49:44"
310,310,2025,1011.08,,,"2026-03-31 11:49:44","2026-03-31 11:49:44"
311,311,2025,331.14,,,"2026-03-31 11:49:44","2026-03-31 11:49:44"
312,312,2025,331.14,,,"2026-03-31 11:49:44","2026-03-31 11:49:44"
313,313,2025,715.37,,,"2026-03-31 11:49:44","2026-03-31 11:49:44"
314,314,2025,715.37,,,"2026-03-31 11:49:44","2026-03-31 11:49:44"
315,315,2025,697.99,,,"2026-03-31 11:49:44","2026-03-31 11:49:44"
316,316,2025,697.99,,,"2026-03-31 11:49:44","2026-03-31 11:49:44"
317,317,2025,696.06,,,"2026-03-31 11:49:44","2026-03-31 11:49:44"
318,318,2025,694.06,,,"2026-03-31 11:49:44","2026-03-31 11:49:44"
319,319,2025,694.06,,,"2026-03-31 11:49:44","2026-03-31 11:49:44"
320,320,2025,694.06,,,"2026-03-31 11:49:44","2026-03-31 11:49:44"
321,321,2025,706.05,,,"2026-03-31 11:49:44","2026-03-31 11:49:44"
322,322,2025,706.05,,,"2026-03-31 11:49:44","2026-03-31 11:49:44"
323,323,2025,2275.47,,,"2026-03-31 11:49:44","2026-03-31 11:49:44"
324,324,2025,795.50,,,"2026-03-31 11:49:44","2026-03-31 11:49:44"
325,325,2025,795.50,,,"2026-03-31 11:49:44","2026-03-31 11:49:44"
326,326,2025,836.05,,,"2026-03-31 11:49:44","2026-03-31 11:49:44"
327,327,2025,818.66,,,"2026-03-31 11:49:44","2026-03-31 11:49:44"
328,328,2025,818.66,,,"2026-03-31 11:49:44","2026-03-31 11:49:44"
329,329,2025,821.01,,,"2026-03-31 11:49:44","2026-03-31 11:49:44"
330,330,2025,821.01,,,"2026-03-31 11:49:44","2026-03-31 11:49:44"
331,331,2025,799.83,,,"2026-03-31 11:49:44","2026-03-31 11:49:44"
332,332,2025,919.07,,,"2026-03-31 11:49:44","2026-03-31 11:49:44"
333,333,2025,958.65,,,"2026-03-31 11:49:44","2026-03-31 11:49:44"
334,334,2025,958.65,,,"2026-03-31 11:49:44","2026-03-31 11:49:44"
335,335,2025,958.65,,,"2026-03-31 11:49:44","2026-03-31 11:49:44"
336,336,2025,959.83,,,"2026-03-31 11:49:44","2026-03-31 11:49:44"
337,337,2025,944.38,,,"2026-03-31 11:49:44","2026-03-31 11:49:44"
338,338,2025,944.38,,,"2026-03-31 11:49:44","2026-03-31 11:49:44"
339,339,2025,966.89,,,"2026-03-31 11:49:44","2026-03-31 11:49:44"
340,340,2025,966.89,,,"2026-03-31 11:49:44","2026-03-31 11:49:44"
341,341,2025,918.10,,,"2026-03-31 11:49:44","2026-03-31 11:49:44"
342,342,2025,449.88,,,"2026-03-31 11:49:44","2026-03-31 11:49:44"
343,343,2025,449.88,,,"2026-03-31 11:49:44","2026-03-31 11:49:44"
344,344,2025,2275.47,,,"2026-03-31 11:49:44","2026-03-31 11:49:44"
345,345,2025,693.16,,,"2026-03-31 11:49:44","2026-03-31 11:49:44"
346,346,2025,693.15,,,"2026-03-31 11:49:44","2026-03-31 11:49:44"
347,347,2025,693.16,,,"2026-03-31 11:49:44","2026-03-31 11:49:44"
348,348,2025,693.16,,,"2026-03-31 11:49:44","2026-03-31 11:49:44"
349,349,2025,693.16,,,"2026-03-31 11:49:44","2026-03-31 11:49:44"
350,350,2025,693.16,,,"2026-03-31 11:49:44","2026-03-31 11:49:44"
351,351,2025,693.16,,,"2026-03-31 11:49:44","2026-03-31 11:49:44"
352,352,2025,693.16,,,"2026-03-31 11:49:44","2026-03-31 11:49:44"
353,353,2025,1004.99,,,"2026-03-31 11:49:44","2026-03-31 11:49:44"
354,354,2025,1050.37,,,"2026-03-31 11:49:44","2026-03-31 11:49:44"
355,355,2025,560.90,,,"2026-03-31 11:49:44","2026-03-31 11:49:44"
356,356,2025,552.47,,,"2026-03-31 11:49:44","2026-03-31 11:49:44"
357,357,2025,582.15,,,"2026-03-31 11:49:44","2026-03-31 11:49:44"
358,358,2025,582.15,,,"2026-03-31 11:49:44","2026-03-31 11:49:44"
359,359,2025,569.59,,,"2026-03-31 11:49:44","2026-03-31 11:49:44"
360,360,2025,582.15,,,"2026-03-31 11:49:44","2026-03-31 11:49:44"
361,361,2025,578.44,,,"2026-03-31 11:49:44","2026-03-31 11:49:44"
362,362,2025,578.44,,,"2026-03-31 11:49:44","2026-03-31 11:49:44"
363,363,2025,578.44,,,"2026-03-31 11:49:44","2026-03-31 11:49:44"
364,364,2025,294.45,,,"2026-03-31 11:49:44","2026-03-31 11:49:44"
365,365,2025,598.55,,,"2026-03-31 11:49:44","2026-03-31 11:49:44"
366,366,2025,607.61,,,"2026-03-31 11:49:44","2026-03-31 11:49:44"
367,367,2025,607.61,,,"2026-03-31 11:49:44","2026-03-31 11:49:44"
368,368,2025,598.55,,,"2026-03-31 11:49:44","2026-03-31 11:49:44"
369,369,2025,598.55,,,"2026-03-31 11:49:44","2026-03-31 11:49:44"
370,370,2025,566.70,,,"2026-03-31 11:49:44","2026-03-31 11:49:44"
371,371,2025,563.98,,,"2026-03-31 11:49:44","2026-03-31 11:49:44"
372,372,2025,563.98,,,"2026-03-31 11:49:44","2026-03-31 11:49:44"
373,373,2025,563.98,,,"2026-03-31 11:49:44","2026-03-31 11:49:44"
374,374,2025,563.98,,,"2026-03-31 11:49:44","2026-03-31 11:49:44"
375,375,2025,559.94,,,"2026-03-31 11:49:44","2026-03-31 11:49:44"
376,376,2025,563.18,,,"2026-03-31 11:49:44","2026-03-31 11:49:44"
377,377,2025,850.99,,,"2026-03-31 11:49:44","2026-03-31 11:49:44"
378,378,2025,850.99,,,"2026-03-31 11:49:44","2026-03-31 11:49:44"
379,379,2025,946.76,,,"2026-03-31 11:49:44","2026-03-31 11:49:44"
380,380,2025,946.76,,,"2026-03-31 11:49:44","2026-03-31 11:49:44"
381,381,2025,951.26,,,"2026-03-31 11:49:44","2026-03-31 11:49:44"
382,382,2025,951.26,,,"2026-03-31 11:49:44","2026-03-31 11:49:44"
383,383,2025,955.76,,,"2026-03-31 11:49:44","2026-03-31 11:49:44"
384,384,2025,948.74,,,"2026-03-31 11:49:44","2026-03-31 11:49:44"
385,385,2025,948.74,,,"2026-03-31 11:49:44","2026-03-31 11:49:44"
386,386,2025,944.03,,,"2026-03-31 11:49:44","2026-03-31 11:49:44"
387,387,2025,944.03,,,"2026-03-31 11:49:44","2026-03-31 11:49:44"
388,388,2025,825.98,,,"2026-03-31 11:49:44","2026-03-31 11:49:44"
389,389,2025,860.97,,,"2026-03-31 11:49:44","2026-03-31 11:49:44"
390,390,2025,866.71,,,"2026-03-31 11:49:44","2026-03-31 11:49:44"
391,391,2025,866.71,,,"2026-03-31 11:49:44","2026-03-31 11:49:44"
392,392,2025,866.71,,,"2026-03-31 11:49:44","2026-03-31 11:49:44"
393,393,2025,866.71,,,"2026-03-31 11:49:44","2026-03-31 11:49:44"
394,394,2025,866.71,,,"2026-03-31 11:49:44","2026-03-31 11:49:44"
395,395,2025,824.85,,,"2026-03-31 11:49:44","2026-03-31 11:49:44"
396,396,2025,671.12,,,"2026-03-31 11:49:44","2026-03-31 11:49:44"
397,397,2025,671.12,,,"2026-03-31 11:49:44","2026-03-31 11:49:44"
398,398,2025,682.71,,,"2026-03-31 11:49:44","2026-03-31 11:49:44"
399,399,2025,213.43,,,"2026-03-31 11:49:44","2026-03-31 11:49:44"
400,400,2025,320.28,,,"2026-03-31 11:49:44","2026-03-31 11:49:44"
401,401,2025,254.96,,,"2026-03-31 11:49:44","2026-03-31 11:49:44"
402,402,2025,88.50,,,"2026-03-31 11:49:44","2026-03-31 11:49:44"
403,403,2025,88.50,,,"2026-03-31 11:49:44","2026-03-31 11:49:44"
404,404,2025,652.15,,,"2026-03-31 11:49:44","2026-03-31 11:49:44"
405,405,2025,926.08,,,"2026-03-31 11:49:44","2026-03-31 11:49:44"
406,406,2025,992.44,,,"2026-03-31 11:49:44","2026-03-31 11:49:44"
407,407,2025,992.44,,,"2026-03-31 11:49:44","2026-03-31 11:49:44"
408,408,2025,89.78,,,"2026-03-31 11:49:44","2026-03-31 11:49:44"
409,409,2025,89.78,,,"2026-03-31 11:49:44","2026-03-31 11:49:44"
410,410,2025,89.78,,,"2026-03-31 11:49:44","2026-03-31 11:49:44"
411,411,2025,90.74,,,"2026-03-31 11:49:44","2026-03-31 11:49:44"
412,412,2025,90.74,,,"2026-03-31 11:49:44","2026-03-31 11:49:44"
413,413,2025,90.74,,,"2026-03-31 11:49:44","2026-03-31 11:49:44"
414,414,2025,342.42,,,"2026-03-31 11:49:44","2026-03-31 11:49:44"
415,415,2025,342.42,,,"2026-03-31 11:49:44","2026-03-31 11:49:44"
416,416,2025,1133.39,,,"2026-03-31 11:49:44","2026-03-31 11:49:44"
417,417,2025,1133.39,,,"2026-03-31 11:49:44","2026-03-31 11:49:44"
418,418,2025,1100.68,,,"2026-03-31 11:49:44","2026-03-31 11:49:44"
419,419,2025,1100.68,,,"2026-03-31 11:49:44","2026-03-31 11:49:44"
420,420,2025,1214.49,,,"2026-03-31 11:49:44","2026-03-31 11:49:44"
421,421,2025,1214.49,,,"2026-03-31 11:49:44","2026-03-31 11:49:44"
422,422,2025,1214.49,,,"2026-03-31 11:49:44","2026-03-31 11:49:44"
423,423,2025,1214.49,,,"2026-03-31 11:49:44","2026-03-31 11:49:44"
424,424,2025,1106.71,,,"2026-03-31 11:49:44","2026-03-31 11:49:44"
425,425,2025,1106.71,,,"2026-03-31 11:49:44","2026-03-31 11:49:44"
426,426,2025,865.98,,,"2026-03-31 11:49:44","2026-03-31 11:49:44"
427,427,2025,1019.69,,,"2026-03-31 11:49:44","2026-03-31 11:49:44"
428,428,2025,918.48,,,"2026-03-31 11:49:44","2026-03-31 11:49:44"
429,429,2025,918.48,,,"2026-03-31 11:49:44","2026-03-31 11:49:44"
430,430,2025,812.87,,,"2026-03-31 11:49:44","2026-03-31 11:49:44"
431,431,2025,472.00,,,"2026-03-31 11:49:44","2026-03-31 11:49:44"
432,432,2025,472.00,,,"2026-03-31 11:49:44","2026-03-31 11:49:44"
433,433,2025,472.00,,,"2026-03-31 11:49:44","2026-03-31 11:49:44"
434,434,2025,472.00,,,"2026-03-31 11:49:44","2026-03-31 11:49:44"
435,435,2025,676.75,,,"2026-03-31 11:49:44","2026-03-31 11:49:44"
436,436,2025,676.75,,,"2026-03-31 11:49:44","2026-03-31 11:49:44"
437,437,2025,697.99,,,"2026-03-31 11:49:44","2026-03-31 11:49:44"
438,438,2025,697.99,,,"2026-03-31 11:49:44","2026-03-31 11:49:44"
439,439,2025,697.99,,,"2026-03-31 11:49:44","2026-03-31 11:49:44"
440,440,2025,696.06,,,"2026-03-31 11:49:44","2026-03-31 11:49:44"
441,441,2025,696.06,,,"2026-03-31 11:49:44","2026-03-31 11:49:44"
442,442,2025,696.06,,,"2026-03-31 11:49:44","2026-03-31 11:49:44"
443,443,2025,696.06,,,"2026-03-31 11:49:44","2026-03-31 11:49:44"
444,444,2025,694.06,,,"2026-03-31 11:49:44","2026-03-31 11:49:44"
445,445,2025,706.05,,,"2026-03-31 11:49:44","2026-03-31 11:49:44"
446,446,2025,706.05,,,"2026-03-31 11:49:44","2026-03-31 11:49:44"
447,447,2025,697.99,,,"2026-03-31 11:49:44","2026-03-31 11:49:44"
448,448,2025,697.99,,,"2026-03-31 11:49:44","2026-03-31 11:49:44"
449,449,2025,2275.47,,,"2026-03-31 11:49:44","2026-03-31 11:49:44"
450,450,2025,795.50,,,"2026-03-31 11:49:44","2026-03-31 11:49:44"
451,451,2025,795.50,,,"2026-03-31 11:49:44","2026-03-31 11:49:44"
452,452,2025,836.05,,,"2026-03-31 11:49:44","2026-03-31 11:49:44"
453,453,2025,836.05,,,"2026-03-31 11:49:44","2026-03-31 11:49:44"
454,454,2025,836.05,,,"2026-03-31 11:49:44","2026-03-31 11:49:44"
455,455,2025,836.05,,,"2026-03-31 11:49:44","2026-03-31 11:49:44"
456,456,2025,818.66,,,"2026-03-31 11:49:44","2026-03-31 11:49:44"
457,457,2025,818.66,,,"2026-03-31 11:49:44","2026-03-31 11:49:44"
458,458,2025,821.01,,,"2026-03-31 11:49:44","2026-03-31 11:49:44"
459,459,2025,821.01,,,"2026-03-31 11:49:44","2026-03-31 11:49:44"
460,460,2025,799.83,,,"2026-03-31 11:49:44","2026-03-31 11:49:44"
461,461,2025,799.83,,,"2026-03-31 11:49:44","2026-03-31 11:49:44"
462,462,2025,528.08,,,"2026-03-31 11:49:44","2026-03-31 11:49:44"
463,463,2025,919.07,,,"2026-03-31 11:49:44","2026-03-31 11:49:44"
464,464,2025,959.83,,,"2026-03-31 11:49:44","2026-03-31 11:49:44"
465,465,2025,959.83,,,"2026-03-31 11:49:44","2026-03-31 11:49:44"
466,466,2025,959.83,,,"2026-03-31 11:49:44","2026-03-31 11:49:44"
467,467,2025,915.31,,,"2026-03-31 11:49:44","2026-03-31 11:49:44"
468,468,2025,944.38,,,"2026-03-31 11:49:44","2026-03-31 11:49:44"
469,469,2025,966.89,,,"2026-03-31 11:49:44","2026-03-31 11:49:44"
470,470,2025,966.89,,,"2026-03-31 11:49:44","2026-03-31 11:49:44"
471,471,2025,918.10,,,"2026-03-31 11:49:44","2026-03-31 11:49:44"
472,472,2025,918.10,,,"2026-03-31 11:49:44","2026-03-31 11:49:44"
473,473,2025,2275.47,,,"2026-03-31 11:49:44","2026-03-31 11:49:44"
474,474,2025,693.16,,,"2026-03-31 11:49:44","2026-03-31 11:49:44"
475,475,2025,693.15,,,"2026-03-31 11:49:44","2026-03-31 11:49:44"
476,476,2025,693.16,,,"2026-03-31 11:49:44","2026-03-31 11:49:44"
477,477,2025,693.16,,,"2026-03-31 11:49:44","2026-03-31 11:49:44"
478,478,2025,693.16,,,"2026-03-31 11:49:44","2026-03-31 11:49:44"
479,479,2025,327.07,,,"2026-03-31 11:49:44","2026-03-31 11:49:44"
480,480,2025,327.07,,,"2026-03-31 11:49:44","2026-03-31 11:49:44"
481,481,2025,326.31,,,"2026-03-31 11:49:44","2026-03-31 11:49:44"
482,482,2025,326.31,,,"2026-03-31 11:49:44","2026-03-31 11:49:44"
483,483,2025,326.31,,,"2026-03-31 11:49:44","2026-03-31 11:49:44"
484,484,2025,326.31,,,"2026-03-31 11:49:44","2026-03-31 11:49:44"
485,485,2025,462.42,,,"2026-03-31 11:49:44","2026-03-31 11:49:44"
486,486,2025,1004.99,,,"2026-03-31 11:49:44","2026-03-31 11:49:44"
487,487,2025,1004.99,,,"2026-03-31 11:49:44","2026-03-31 11:49:44"
488,488,2025,1050.37,,,"2026-03-31 11:49:44","2026-03-31 11:49:44"
489,489,2025,524.68,,,"2026-03-31 11:49:44","2026-03-31 11:49:44"
490,490,2025,560.90,,,"2026-03-31 11:49:44","2026-03-31 11:49:44"
491,491,2025,560.90,,,"2026-03-31 11:49:44","2026-03-31 11:49:44"
492,492,2025,552.47,,,"2026-03-31 11:49:44","2026-03-31 11:49:44"
493,493,2025,552.47,,,"2026-03-31 11:49:44","2026-03-31 11:49:44"
494,494,2025,552.47,,,"2026-03-31 11:49:44","2026-03-31 11:49:44"
495,495,2025,563.46,,,"2026-03-31 11:49:44","2026-03-31 11:49:44"
496,496,2025,563.46,,,"2026-03-31 11:49:44","2026-03-31 11:49:44"
497,497,2025,563.46,,,"2026-03-31 11:49:44","2026-03-31 11:49:44"
498,498,2025,569.59,,,"2026-03-31 11:49:44","2026-03-31 11:49:44"
499,499,2025,578.44,,,"2026-03-31 11:49:44","2026-03-31 11:49:44"
500,500,2025,294.45,,,"2026-03-31 11:49:44","2026-03-31 11:49:44"
501,501,2025,294.45,,,"2026-03-31 11:49:44","2026-03-31 11:49:44"
502,502,2025,294.45,,,"2026-03-31 11:49:44","2026-03-31 11:49:44"
503,503,2025,294.45,,,"2026-03-31 11:49:44","2026-03-31 11:49:44"
504,504,2025,281.90,,,"2026-03-31 11:49:44","2026-03-31 11:49:44"
505,505,2025,281.90,,,"2026-03-31 11:49:44","2026-03-31 11:49:44"
506,506,2025,281.90,,,"2026-03-31 11:49:44","2026-03-31 11:49:44"
507,507,2025,281.90,,,"2026-03-31 11:49:44","2026-03-31 11:49:44"
508,508,2025,281.90,,,"2026-03-31 11:49:44","2026-03-31 11:49:44"
509,509,2025,281.90,,,"2026-03-31 11:49:44","2026-03-31 11:49:44"
510,510,2025,281.90,,,"2026-03-31 11:49:44","2026-03-31 11:49:44"
511,511,2025,598.55,,,"2026-03-31 11:49:44","2026-03-31 11:49:44"
512,512,2025,598.55,,,"2026-03-31 11:49:44","2026-03-31 11:49:44"
513,513,2025,598.55,,,"2026-03-31 11:49:44","2026-03-31 11:49:44"
514,514,2025,598.55,,,"2026-03-31 11:49:44","2026-03-31 11:49:44"
515,515,2025,598.55,,,"2026-03-31 11:49:44","2026-03-31 11:49:44"
516,516,2025,598.55,,,"2026-03-31 11:49:44","2026-03-31 11:49:44"
517,517,2025,598.55,,,"2026-03-31 11:49:44","2026-03-31 11:49:44"
518,518,2025,566.70,,,"2026-03-31 11:49:44","2026-03-31 11:49:44"
519,519,2025,567.83,,,"2026-03-31 11:49:44","2026-03-31 11:49:44"
520,520,2025,567.83,,,"2026-03-31 11:49:44","2026-03-31 11:49:44"
521,521,2025,559.94,,,"2026-03-31 11:49:44","2026-03-31 11:49:44"
522,522,2025,559.94,,,"2026-03-31 11:49:44","2026-03-31 11:49:44"
523,523,2025,559.94,,,"2026-03-31 11:49:44","2026-03-31 11:49:44"
524,524,2025,563.18,,,"2026-03-31 11:49:44","2026-03-31 11:49:44"
525,525,2025,894.47,,,"2026-03-31 11:49:44","2026-03-31 11:49:44"
526,526,2025,894.47,,,"2026-03-31 11:49:44","2026-03-31 11:49:44"
527,527,2025,894.47,,,"2026-03-31 11:49:44","2026-03-31 11:49:44"
528,528,2025,894.47,,,"2026-03-31 11:49:44","2026-03-31 11:49:44"
529,529,2025,894.47,,,"2026-03-31 11:49:44","2026-03-31 11:49:44"
530,530,2025,894.47,,,"2026-03-31 11:49:44","2026-03-31 11:49:44"
531,531,2025,850.99,,,"2026-03-31 11:49:44","2026-03-31 11:49:44"
532,532,2025,850.99,,,"2026-03-31 11:49:44","2026-03-31 11:49:44"
533,533,2025,850.99,,,"2026-03-31 11:49:44","2026-03-31 11:49:44"
534,534,2025,850.99,,,"2026-03-31 11:49:44","2026-03-31 11:49:44"
535,535,2025,850.99,,,"2026-03-31 11:49:44","2026-03-31 11:49:44"
536,536,2025,946.76,,,"2026-03-31 11:49:44","2026-03-31 11:49:44"
537,537,2025,951.26,,,"2026-03-31 11:49:44","2026-03-31 11:49:44"
538,538,2025,948.74,,,"2026-03-31 11:49:44","2026-03-31 11:49:44"
539,539,2025,948.29,,,"2026-03-31 11:49:44","2026-03-31 11:49:44"
540,540,2025,928.72,,,"2026-03-31 11:49:44","2026-03-31 11:49:44"
541,541,2025,928.72,,,"2026-03-31 11:49:44","2026-03-31 11:49:44"
542,542,2025,944.03,,,"2026-03-31 11:49:44","2026-03-31 11:49:44"
543,543,2025,944.03,,,"2026-03-31 11:49:44","2026-03-31 11:49:44"
544,544,2025,825.98,,,"2026-03-31 11:49:44","2026-03-31 11:49:44"
545,545,2025,823.50,,,"2026-03-31 11:49:44","2026-03-31 11:49:44"
546,546,2025,823.50,,,"2026-03-31 11:49:44","2026-03-31 11:49:44"
547,547,2025,823.50,,,"2026-03-31 11:49:44","2026-03-31 11:49:44"
548,548,2025,823.50,,,"2026-03-31 11:49:44","2026-03-31 11:49:44"
549,549,2025,860.97,,,"2026-03-31 11:49:44","2026-03-31 11:49:44"
550,550,2025,860.97,,,"2026-03-31 11:49:44","2026-03-31 11:49:44"
551,551,2025,860.97,,,"2026-03-31 11:49:44","2026-03-31 11:49:44"
552,552,2025,860.97,,,"2026-03-31 11:49:44","2026-03-31 11:49:44"
553,553,2025,860.97,,,"2026-03-31 11:49:44","2026-03-31 11:49:44"
554,554,2025,866.71,,,"2026-03-31 11:49:44","2026-03-31 11:49:44"
555,555,2025,866.71,,,"2026-03-31 11:49:44","2026-03-31 11:49:44"
556,556,2025,866.71,,,"2026-03-31 11:49:44","2026-03-31 11:49:44"
557,557,2025,926.08,,,"2026-03-31 11:49:44","2026-03-31 11:49:44"
558,558,2025,63.21,,,"2026-03-31 11:49:44","2026-03-31 11:49:44"
559,559,2025,671.12,,,"2026-03-31 11:49:44","2026-03-31 11:49:44"
560,560,2025,104.31,,,"2026-03-31 11:49:44","2026-03-31 11:49:44"
561,561,2025,104.31,,,"2026-03-31 11:49:44","2026-03-31 11:49:44"
562,562,2025,580.51,,,"2026-03-31 11:49:44","2026-03-31 11:49:44"
563,563,2025,831.22,,,"2026-03-31 11:49:44","2026-03-31 11:49:44"
564,564,2025,456.65,,,"2026-03-31 11:49:44","2026-03-31 11:49:44"
565,565,2025,456.65,,,"2026-03-31 11:49:44","2026-03-31 11:49:44"
566,566,2025,89.78,,,"2026-03-31 11:49:44","2026-03-31 11:49:44"
567,567,2025,1195.18,,,"2026-03-31 11:49:44","2026-03-31 11:49:44"
568,568,2025,1195.18,,,"2026-03-31 11:49:44","2026-03-31 11:49:44"
569,569,2025,1133.39,,,"2026-03-31 11:49:44","2026-03-31 11:49:44"
570,570,2025,1133.39,,,"2026-03-31 11:49:44","2026-03-31 11:49:44"
571,571,2025,1133.39,,,"2026-03-31 11:49:44","2026-03-31 11:49:44"
572,572,2025,1100.68,,,"2026-03-31 11:49:44","2026-03-31 11:49:44"
573,573,2025,1100.68,,,"2026-03-31 11:49:44","2026-03-31 11:49:44"
574,574,2025,1214.49,,,"2026-03-31 11:49:44","2026-03-31 11:49:44"
575,575,2025,1106.71,,,"2026-03-31 11:49:44","2026-03-31 11:49:44"
576,576,2025,1106.71,,,"2026-03-31 11:49:44","2026-03-31 11:49:44"
577,577,2025,1214.49,,,"2026-03-31 11:49:44","2026-03-31 11:49:44"
578,578,2025,1214.49,,,"2026-03-31 11:49:44","2026-03-31 11:49:44"
579,579,2025,1214.49,,,"2026-03-31 11:49:44","2026-03-31 11:49:44"
580,580,2025,1195.18,,,"2026-03-31 11:49:44","2026-03-31 11:49:44"
581,581,2025,1063.88,,,"2026-03-31 11:49:44","2026-03-31 11:49:44"
582,582,2025,945.14,,,"2026-03-31 11:49:44","2026-03-31 11:49:44"
583,583,2025,1019.69,,,"2026-03-31 11:49:44","2026-03-31 11:49:44"
584,584,2025,1019.69,,,"2026-03-31 11:49:44","2026-03-31 11:49:44"
585,585,2025,1019.69,,,"2026-03-31 11:49:44","2026-03-31 11:49:44"
586,586,2025,918.48,,,"2026-03-31 11:49:44","2026-03-31 11:49:44"
587,587,2025,918.48,,,"2026-03-31 11:49:44","2026-03-31 11:49:44"
588,588,2025,902.50,,,"2026-03-31 11:49:44","2026-03-31 11:49:44"
589,589,2025,1011.08,,,"2026-03-31 11:49:44","2026-03-31 11:49:44"
590,590,2025,1011.08,,,"2026-03-31 11:49:44","2026-03-31 11:49:44"
591,591,2025,1011.08,,,"2026-03-31 11:49:44","2026-03-31 11:49:44"
592,592,2025,676.75,,,"2026-03-31 11:49:44","2026-03-31 11:49:44"
593,593,2025,676.75,,,"2026-03-31 11:49:44","2026-03-31 11:49:44"
594,594,2025,676.75,,,"2026-03-31 11:49:44","2026-03-31 11:49:44"
595,595,2025,697.99,,,"2026-03-31 11:49:44","2026-03-31 11:49:44"
596,596,2025,697.99,,,"2026-03-31 11:49:44","2026-03-31 11:49:44"
597,597,2025,697.99,,,"2026-03-31 11:49:44","2026-03-31 11:49:44"
598,598,2025,697.99,,,"2026-03-31 11:49:44","2026-03-31 11:49:44"
599,599,2025,696.06,,,"2026-03-31 11:49:44","2026-03-31 11:49:44"
600,600,2025,696.06,,,"2026-03-31 11:49:44","2026-03-31 11:49:44"
601,601,2025,694.06,,,"2026-03-31 11:49:44","2026-03-31 11:49:44"
602,602,2025,694.06,,,"2026-03-31 11:49:44","2026-03-31 11:49:44"
603,603,2025,706.05,,,"2026-03-31 11:49:44","2026-03-31 11:49:44"
604,604,2025,365.86,,,"2026-03-31 11:49:44","2026-03-31 11:49:44"
605,605,2025,818.66,,,"2026-03-31 11:49:44","2026-03-31 11:49:44"
606,606,2025,919.07,,,"2026-03-31 11:49:44","2026-03-31 11:49:44"
607,607,2025,966.89,,,"2026-03-31 11:49:44","2026-03-31 11:49:44"
608,608,2025,2275.47,,,"2026-03-31 11:49:44","2026-03-31 11:49:44"
609,609,2025,693.16,,,"2026-03-31 11:49:44","2026-03-31 11:49:44"
610,610,2025,693.16,,,"2026-03-31 11:49:44","2026-03-31 11:49:44"
611,611,2025,693.16,,,"2026-03-31 11:49:44","2026-03-31 11:49:44"
612,612,2025,693.15,,,"2026-03-31 11:49:44","2026-03-31 11:49:44"
613,613,2025,693.16,,,"2026-03-31 11:49:44","2026-03-31 11:49:44"
614,614,2025,693.16,,,"2026-03-31 11:49:44","2026-03-31 11:49:44"
615,615,2025,693.16,,,"2026-03-31 11:49:44","2026-03-31 11:49:44"
616,616,2025,693.16,,,"2026-03-31 11:49:44","2026-03-31 11:49:44"
617,617,2025,552.47,,,"2026-03-31 11:49:44","2026-03-31 11:49:44"
618,618,2025,552.47,,,"2026-03-31 11:49:44","2026-03-31 11:49:44"
619,619,2025,563.46,,,"2026-03-31 11:49:44","2026-03-31 11:49:44"
620,620,2025,598.55,,,"2026-03-31 11:49:44","2026-03-31 11:49:44"
621,621,2025,607.61,,,"2026-03-31 11:49:44","2026-03-31 11:49:44"
622,622,2025,598.55,,,"2026-03-31 11:49:44","2026-03-31 11:49:44"
623,623,2025,598.55,,,"2026-03-31 11:49:44","2026-03-31 11:49:44"
624,624,2025,566.70,,,"2026-03-31 11:49:44","2026-03-31 11:49:44"
625,625,2025,566.70,,,"2026-03-31 11:49:44","2026-03-31 11:49:44"
626,626,2025,566.70,,,"2026-03-31 11:49:44","2026-03-31 11:49:44"
627,627,2025,566.70,,,"2026-03-31 11:49:44","2026-03-31 11:49:44"
628,628,2025,563.98,,,"2026-03-31 11:49:44","2026-03-31 11:49:44"
629,629,2025,563.98,,,"2026-03-31 11:49:44","2026-03-31 11:49:44"
630,630,2025,559.94,,,"2026-03-31 11:49:44","2026-03-31 11:49:44"
631,631,2025,563.18,,,"2026-03-31 11:49:44","2026-03-31 11:49:44"
632,632,2025,563.18,,,"2026-03-31 11:49:44","2026-03-31 11:49:44"
633,633,2025,946.76,,,"2026-03-31 11:49:44","2026-03-31 11:49:44"
634,634,2025,951.26,,,"2026-03-31 11:49:44","2026-03-31 11:49:44"
635,635,2025,928.72,,,"2026-03-31 11:49:44","2026-03-31 11:49:44"
636,636,2025,928.72,,,"2026-03-31 11:49:44","2026-03-31 11:49:44"
637,637,2025,928.72,,,"2026-03-31 11:49:44","2026-03-31 11:49:44"
638,638,2025,823.50,,,"2026-03-31 11:49:44","2026-03-31 11:49:44"
639,639,2025,860.97,,,"2026-03-31 11:49:44","2026-03-31 11:49:44"
640,640,2025,866.71,,,"2026-03-31 11:49:44","2026-03-31 11:49:44"
641,641,2025,902.50,,,"2026-03-31 11:49:44","2026-03-31 11:49:44"
642,642,2025,1011.08,,,"2026-03-31 11:49:44","2026-03-31 11:49:44"
643,643,2025,697.99,,,"2026-03-31 11:49:44","2026-03-31 11:49:44"
644,644,2025,694.06,,,"2026-03-31 11:49:44","2026-03-31 11:49:44"
645,645,2025,915.31,,,"2026-03-31 11:49:44","2026-03-31 11:49:44"
646,646,2025,966.89,,,"2026-03-31 11:49:44","2026-03-31 11:49:44"
647,647,2025,569.59,,,"2026-03-31 11:49:44","2026-03-31 11:49:44"
648,648,2025,582.15,,,"2026-03-31 11:49:44","2026-03-31 11:49:44"
649,649,2025,948.29,,,"2026-03-31 11:49:44","2026-03-31 11:49:44"
650,650,2025,456.65,,,"2026-03-31 11:49:44","2026-03-31 11:49:44"
651,651,2025,715.37,,,"2026-03-31 11:49:44","2026-03-31 11:49:44"
652,652,2025,694.06,,,"2026-03-31 11:49:44","2026-03-31 11:49:44"
653,653,2025,697.99,,,"2026-03-31 11:49:44","2026-03-31 11:49:44"
654,654,2025,697.99,,,"2026-03-31 11:49:44","2026-03-31 11:49:44"
655,655,2025,821.01,,,"2026-03-31 11:49:44","2026-03-31 11:49:44"
656,656,2025,959.83,,,"2026-03-31 11:49:44","2026-03-31 11:49:44"
657,657,2025,2275.47,,,"2026-03-31 11:49:44","2026-03-31 11:49:44"
658,658,2025,693.16,,,"2026-03-31 11:49:44","2026-03-31 11:49:44"
659,659,2025,693.16,,,"2026-03-31 11:49:44","2026-03-31 11:49:44"
660,660,2025,693.16,,,"2026-03-31 11:49:44","2026-03-31 11:49:44"
661,661,2025,462.42,,,"2026-03-31 11:49:44","2026-03-31 11:49:44"
662,662,2025,1004.99,,,"2026-03-31 11:49:44","2026-03-31 11:49:44"
663,663,2025,560.90,,,"2026-03-31 11:49:44","2026-03-31 11:49:44"
664,664,2025,582.15,,,"2026-03-31 11:49:44","2026-03-31 11:49:44"
665,665,2025,582.15,,,"2026-03-31 11:49:44","2026-03-31 11:49:44"
666,666,2025,294.45,,,"2026-03-31 11:49:44","2026-03-31 11:49:44"
667,667,2025,294.45,,,"2026-03-31 11:49:44","2026-03-31 11:49:44"
668,668,2025,598.55,,,"2026-03-31 11:49:44","2026-03-31 11:49:44"
669,669,2025,563.18,,,"2026-03-31 11:49:44","2026-03-31 11:49:44"
670,670,2025,563.18,,,"2026-03-31 11:49:44","2026-03-31 11:49:44"
671,671,2025,563.18,,,"2026-03-31 11:49:44","2026-03-31 11:49:44"
672,672,2025,951.26,,,"2026-03-31 11:49:44","2026-03-31 11:49:44"
673,673,2025,951.26,,,"2026-03-31 11:49:44","2026-03-31 11:49:44"
674,674,2025,825.98,,,"2026-03-31 11:49:44","2026-03-31 11:49:44"
675,675,2025,176.99,,,"2026-03-31 11:49:44","2026-03-31 11:49:44"
676,676,2025,54.78,,,"2026-03-31 11:49:44","2026-03-31 11:49:44"
677,677,2025,945.14,,,"2026-03-31 11:49:44","2026-03-31 11:49:44"
678,678,2025,918.48,,,"2026-03-31 11:49:44","2026-03-31 11:49:44"
679,679,2025,715.37,,,"2026-03-31 11:49:44","2026-03-31 11:49:44"
680,680,2025,715.37,,,"2026-03-31 11:49:44","2026-03-31 11:49:44"
681,681,2025,697.99,,,"2026-03-31 11:49:44","2026-03-31 11:49:44"
682,682,2025,697.99,,,"2026-03-31 11:49:44","2026-03-31 11:49:44"
683,683,2025,795.50,,,"2026-03-31 11:49:44","2026-03-31 11:49:44"
684,684,2025,327.07,,,"2026-03-31 11:49:44","2026-03-31 11:49:44"
685,685,2025,563.46,,,"2026-03-31 11:49:44","2026-03-31 11:49:44"
686,686,2025,559.94,,,"2026-03-31 11:49:44","2026-03-31 11:49:44"
687,687,2025,559.94,,,"2026-03-31 11:49:44","2026-03-31 11:49:44"
688,688,2025,563.18,,,"2026-03-31 11:49:44","2026-03-31 11:49:44"
689,689,2025,946.76,,,"2026-03-31 11:49:44","2026-03-31 11:49:44"
690,690,2025,1214.49,,,"2026-03-31 11:49:44","2026-03-31 11:49:44"
691,691,2025,902.50,,,"2026-03-31 11:49:44","2026-03-31 11:49:44"
692,692,2025,902.50,,,"2026-03-31 11:49:44","2026-03-31 11:49:44"
693,693,2025,836.05,,,"2026-03-31 11:49:44","2026-03-31 11:49:44"
694,694,2025,559.94,,,"2026-03-31 11:49:44","2026-03-31 11:49:44"
695,695,2025,821.01,,,"2026-03-31 11:49:44","2026-03-31 11:49:44"
696,696,2025,566.70,,,"2026-03-31 11:49:44","2026-03-31 11:49:44"
697,697,2025,928.72,,,"2026-03-31 11:49:44","2026-03-31 11:49:44"
698,698,2025,213.43,,,"2026-03-31 11:49:44","2026-03-31 11:49:44"
699,699,2025,273.93,,,"2026-03-31 11:49:44","2026-03-31 11:49:44"
700,700,2025,1106.71,,,"2026-03-31 11:49:44","2026-03-31 11:49:44"
701,701,2025,1214.49,,,"2026-03-31 11:49:44","2026-03-31 11:49:44"
702,702,2025,1214.49,,,"2026-03-31 11:49:44","2026-03-31 11:49:44"
703,703,2025,1063.88,,,"2026-03-31 11:49:44","2026-03-31 11:49:44"
704,704,2025,865.98,,,"2026-03-31 11:49:44","2026-03-31 11:49:44"
705,705,2025,945.14,,,"2026-03-31 11:49:44","2026-03-31 11:49:44"
706,706,2025,1019.69,,,"2026-03-31 11:49:44","2026-03-31 11:49:44"
707,707,2025,697.99,,,"2026-03-31 11:49:44","2026-03-31 11:49:44"
708,708,2025,696.06,,,"2026-03-31 11:49:44","2026-03-31 11:49:44"
709,709,2025,821.01,,,"2026-03-31 11:49:44","2026-03-31 11:49:44"
710,710,2025,693.16,,,"2026-03-31 11:49:44","2026-03-31 11:49:44"
711,711,2025,693.16,,,"2026-03-31 11:49:44","2026-03-31 11:49:44"
712,712,2025,693.15,,,"2026-03-31 11:49:44","2026-03-31 11:49:44"
713,713,2025,693.16,,,"2026-03-31 11:49:44","2026-03-31 11:49:44"
714,714,2025,1050.37,,,"2026-03-31 11:49:44","2026-03-31 11:49:44"
715,715,2025,598.55,,,"2026-03-31 11:49:44","2026-03-31 11:49:44"
716,716,2025,563.18,,,"2026-03-31 11:49:44","2026-03-31 11:49:44"
717,717,2025,894.47,,,"2026-03-31 11:49:44","2026-03-31 11:49:44"
718,718,2025,1214.49,,,"2026-03-31 11:49:44","2026-03-31 11:49:44"
719,719,2025,918.48,,,"2026-03-31 11:49:44","2026-03-31 11:49:44"
720,720,2025,918.48,,,"2026-03-31 11:49:44","2026-03-31 11:49:44"
721,721,2025,1011.08,,,"2026-03-31 11:49:44","2026-03-31 11:49:44"
722,722,2025,676.75,,,"2026-03-31 11:49:44","2026-03-31 11:49:44"
723,723,2025,696.06,,,"2026-03-31 11:49:44","2026-03-31 11:49:44"
724,724,2025,696.06,,,"2026-03-31 11:49:44","2026-03-31 11:49:44"
725,725,2025,799.83,,,"2026-03-31 11:49:44","2026-03-31 11:49:44"
726,726,2025,528.08,,,"2026-03-31 11:49:44","2026-03-31 11:49:44"
727,727,2025,693.16,,,"2026-03-31 11:49:44","2026-03-31 11:49:44"
728,728,2025,693.16,,,"2026-03-31 11:49:44","2026-03-31 11:49:44"
729,729,2025,693.16,,,"2026-03-31 11:49:44","2026-03-31 11:49:44"
730,730,2025,552.47,,,"2026-03-31 11:49:44","2026-03-31 11:49:44"
731,731,2025,552.47,,,"2026-03-31 11:49:44","2026-03-31 11:49:44"
732,732,2025,566.70,,,"2026-03-31 11:49:44","2026-03-31 11:49:44"
733,733,2025,823.50,,,"2026-03-31 11:49:44","2026-03-31 11:49:44"
734,734,2025,239.15,,,"2026-03-31 11:49:44","2026-03-31 11:49:44"
735,735,2025,132.75,,,"2026-03-31 11:49:44","2026-03-31 11:49:44"
736,736,2025,652.15,,,"2026-03-31 11:49:44","2026-03-31 11:49:44"
737,737,2025,608.96,,,"2026-03-31 11:49:44","2026-03-31 11:49:44"
738,738,2025,40.04,,,"2026-03-31 11:49:44","2026-03-31 11:49:44"
739,739,2025,437.33,,,"2026-03-31 11:49:44","2026-03-31 11:49:44"
740,740,2025,89.78,,,"2026-03-31 11:49:44","2026-03-31 11:49:44"
741,741,2025,342.42,,,"2026-03-31 11:49:44","2026-03-31 11:49:44"
742,742,2025,342.42,,,"2026-03-31 11:49:44","2026-03-31 11:49:44"
743,743,2025,342.42,,,"2026-03-31 11:49:44","2026-03-31 11:49:44"
744,744,2025,342.42,,,"2026-03-31 11:49:44","2026-03-31 11:49:44"
745,745,2025,902.50,,,"2026-03-31 11:49:44","2026-03-31 11:49:44"
746,746,2025,918.10,,,"2026-03-31 11:49:44","2026-03-31 11:49:44"
747,747,2025,693.16,,,"2026-03-31 11:49:44","2026-03-31 11:49:44"
748,748,2025,693.16,,,"2026-03-31 11:49:44","2026-03-31 11:49:44"
749,749,2025,327.07,,,"2026-03-31 11:49:44","2026-03-31 11:49:44"
750,750,2025,294.45,,,"2026-03-31 11:49:44","2026-03-31 11:49:44"
751,751,2025,281.90,,,"2026-03-31 11:49:44","2026-03-31 11:49:44"
752,752,2025,281.90,,,"2026-03-31 11:49:44","2026-03-31 11:49:44"
753,753,2025,454.24,,,"2026-03-31 11:49:44","2026-03-31 11:49:44"
754,754,2025,454.24,,,"2026-03-31 11:49:44","2026-03-31 11:49:44"
755,755,2025,481.45,,,"2026-03-31 11:49:44","2026-03-31 11:49:44"
756,756,2025,481.45,,,"2026-03-31 11:49:44","2026-03-31 11:49:44"
757,757,2025,894.47,,,"2026-03-31 11:49:44","2026-03-31 11:49:44"
758,758,2025,850.99,,,"2026-03-31 11:49:44","2026-03-31 11:49:44"
759,759,2025,951.26,,,"2026-03-31 11:49:44","2026-03-31 11:49:44"
760,760,2025,951.26,,,"2026-03-31 11:49:44","2026-03-31 11:49:44"
761,761,2025,948.74,,,"2026-03-31 11:49:44","2026-03-31 11:49:44"
762,762,2025,928.72,,,"2026-03-31 11:49:44","2026-03-31 11:49:44"
763,763,2025,823.50,,,"2026-03-31 11:49:44","2026-03-31 11:49:44"
764,764,2025,795.50,,,"2026-03-31 11:49:44","2026-03-31 11:49:44"
765,765,2025,1214.49,,,"2026-03-31 11:49:44","2026-03-31 11:49:44"
766,766,2025,1214.49,,,"2026-03-31 11:49:44","2026-03-31 11:49:44"
767,767,2025,1214.49,,,"2026-03-31 11:49:44","2026-03-31 11:49:44"
768,768,2025,676.75,,,"2026-03-31 11:49:44","2026-03-31 11:49:44"
769,769,2025,697.99,,,"2026-03-31 11:49:44","2026-03-31 11:49:44"
770,770,2025,706.05,,,"2026-03-31 11:49:44","2026-03-31 11:49:44"
771,771,2025,697.99,,,"2026-03-31 11:49:44","2026-03-31 11:49:44"
772,772,2025,294.45,,,"2026-03-31 11:49:44","2026-03-31 11:49:44"
773,773,2025,946.76,,,"2026-03-31 11:49:44","2026-03-31 11:49:44"
774,774,2025,944.03,,,"2026-03-31 11:49:44","2026-03-31 11:49:44"
775,775,2025,823.50,,,"2026-03-31 11:49:44","2026-03-31 11:49:44"
776,776,2025,1063.88,,,"2026-03-31 11:49:44","2026-03-31 11:49:44"
777,777,2025,2275.47,,,"2026-03-31 11:49:44","2026-03-31 11:49:44"
778,778,2025,795.50,,,"2026-03-31 11:49:44","2026-03-31 11:49:44"
779,779,2025,799.83,,,"2026-03-31 11:49:44","2026-03-31 11:49:44"
780,780,2025,915.31,,,"2026-03-31 11:49:44","2026-03-31 11:49:44"
781,781,2025,1106.71,,,"2026-03-31 11:49:44","2026-03-31 11:49:44"
782,782,2025,697.99,,,"2026-03-31 11:49:44","2026-03-31 11:49:44"
783,783,2025,697.99,,,"2026-03-31 11:49:44","2026-03-31 11:49:44"
784,784,2025,693.16,,,"2026-03-31 11:49:44","2026-03-31 11:49:44"
785,785,2025,955.76,,,"2026-03-31 11:49:44","2026-03-31 11:49:44"
786,786,2025,823.50,,,"2026-03-31 11:49:44","2026-03-31 11:49:44"
787,787,2025,696.06,,,"2026-03-31 11:49:44","2026-03-31 11:49:44"
788,788,2025,693.16,,,"2026-03-31 11:49:44","2026-03-31 11:49:44"
789,789,2025,452.61,,,"2026-03-31 11:49:44","2026-03-31 11:49:44"
790,790,2025,294.45,,,"2026-03-31 11:49:44","2026-03-31 11:49:44"
791,791,2025,818.66,,,"2026-03-31 11:49:44","2026-03-31 11:49:44"
792,792,2025,32.67,,,"2026-03-31 11:49:44","2026-03-31 11:49:44"
793,793,2025,269.66,,,"2026-03-31 11:49:44","2026-03-31 11:49:44"
794,794,2025,302.37,,,"2026-03-31 11:49:44","2026-03-31 11:49:44"
795,795,2025,1367.53,,,"2026-03-31 11:49:44","2026-03-31 11:49:44"
796,796,2025,1078.85,,,"2026-03-31 11:49:44","2026-03-31 11:49:44"
797,797,2025,456.65,,,"2026-03-31 11:49:44","2026-03-31 11:49:44"
798,798,2025,1019.69,,,"2026-03-31 11:49:44","2026-03-31 11:49:44"
799,799,2025,365.86,,,"2026-03-31 11:49:44","2026-03-31 11:49:44"
800,800,2025,795.50,,,"2026-03-31 11:49:44","2026-03-31 11:49:44"
801,801,2025,370.72,,,"2026-03-31 11:49:44","2026-03-31 11:49:44"
802,802,2025,825.98,,,"2026-03-31 11:49:44","2026-03-31 11:49:44"
803,803,2025,866.71,,,"2026-03-31 11:49:44","2026-03-31 11:49:44"
804,804,2025,90.60,,,"2026-03-31 11:49:44","2026-03-31 11:49:44"
805,805,2025,90.60,,,"2026-03-31 11:49:44","2026-03-31 11:49:44"
806,806,2025,174.74,,,"2026-03-31 11:49:44","2026-03-31 11:49:44"
807,807,2025,269.66,,,"2026-03-31 11:49:44","2026-03-31 11:49:44"
808,808,2025,464.62,,,"2026-03-31 11:49:44","2026-03-31 11:49:44"
809,809,2025,179.10,,,"2026-03-31 11:49:44","2026-03-31 11:49:44"
810,810,2025,853.42,,,"2026-03-31 11:49:44","2026-03-31 11:49:44"
811,811,2025,329.81,,,"2026-03-31 11:49:44","2026-03-31 11:49:44"
812,812,2025,696.06,,,"2026-03-31 11:49:44","2026-03-31 11:49:44"
813,813,2025,821.01,,,"2026-03-31 11:49:44","2026-03-31 11:49:44"
814,814,2025,481.45,,,"2026-03-31 11:49:44","2026-03-31 11:49:44"
815,815,2025,948.29,,,"2026-03-31 11:49:44","2026-03-31 11:49:44"
816,816,2025,823.50,,,"2026-03-31 11:49:44","2026-03-31 11:49:44"
817,817,2025,860.97,,,"2026-03-31 11:49:44","2026-03-31 11:49:44"
818,818,2025,697.99,,,"2026-03-31 11:49:44","2026-03-31 11:49:44"
819,819,2025,696.06,,,"2026-03-31 11:49:44","2026-03-31 11:49:44"
820,820,2025,693.16,,,"2026-03-31 11:49:44","2026-03-31 11:49:44"
821,821,2025,1100.68,,,"2026-03-31 11:49:44","2026-03-31 11:49:44"
822,822,2025,697.99,,,"2026-03-31 11:49:44","2026-03-31 11:49:44"
823,823,2025,697.99,,,"2026-03-31 11:49:44","2026-03-31 11:49:44"
824,824,2025,697.99,,,"2026-03-31 11:49:44","2026-03-31 11:49:44"
825,825,2025,697.99,,,"2026-03-31 11:49:44","2026-03-31 11:49:44"
826,826,2025,697.99,,,"2026-03-31 11:49:44","2026-03-31 11:49:44"
827,827,2025,697.99,,,"2026-03-31 11:49:44","2026-03-31 11:49:44"
828,828,2025,697.99,,,"2026-03-31 11:49:44","2026-03-31 11:49:44"
829,829,2025,696.06,,,"2026-03-31 11:49:44","2026-03-31 11:49:44"
830,830,2025,696.06,,,"2026-03-31 11:49:44","2026-03-31 11:49:44"
831,831,2025,696.06,,,"2026-03-31 11:49:44","2026-03-31 11:49:44"
832,832,2025,696.06,,,"2026-03-31 11:49:44","2026-03-31 11:49:44"
833,833,2025,919.07,,,"2026-03-31 11:49:44","2026-03-31 11:49:44"
834,834,2025,919.07,,,"2026-03-31 11:49:44","2026-03-31 11:49:44"
835,835,2025,919.07,,,"2026-03-31 11:49:44","2026-03-31 11:49:44"
836,836,2025,919.07,,,"2026-03-31 11:49:44","2026-03-31 11:49:44"
837,837,2025,919.07,,,"2026-03-31 11:49:44","2026-03-31 11:49:44"
838,838,2025,693.15,,,"2026-03-31 11:49:44","2026-03-31 11:49:44"
839,839,2025,693.15,,,"2026-03-31 11:49:44","2026-03-31 11:49:44"
840,840,2025,693.15,,,"2026-03-31 11:49:44","2026-03-31 11:49:44"
841,841,2025,693.15,,,"2026-03-31 11:49:44","2026-03-31 11:49:44"
842,842,2025,693.15,,,"2026-03-31 11:49:44","2026-03-31 11:49:44"
843,843,2025,693.15,,,"2026-03-31 11:49:44","2026-03-31 11:49:44"
844,844,2025,693.15,,,"2026-03-31 11:49:44","2026-03-31 11:49:44"
845,845,2025,693.16,,,"2026-03-31 11:49:44","2026-03-31 11:49:44"
846,846,2025,693.16,,,"2026-03-31 11:49:44","2026-03-31 11:49:44"
847,847,2025,693.16,,,"2026-03-31 11:49:44","2026-03-31 11:49:44"
848,848,2025,693.16,,,"2026-03-31 11:49:44","2026-03-31 11:49:44"
849,849,2025,598.55,,,"2026-03-31 11:49:44","2026-03-31 11:49:44"
850,850,2025,598.55,,,"2026-03-31 11:49:44","2026-03-31 11:49:44"
851,851,2025,598.55,,,"2026-03-31 11:49:44","2026-03-31 11:49:44"
852,852,2025,598.55,,,"2026-03-31 11:49:44","2026-03-31 11:49:44"
853,853,2025,598.55,,,"2026-03-31 11:49:44","2026-03-31 11:49:44"
854,854,2025,598.55,,,"2026-03-31 11:49:44","2026-03-31 11:49:44"
855,855,2025,598.55,,,"2026-03-31 11:49:44","2026-03-31 11:49:44"
856,856,2025,598.55,,,"2026-03-31 11:49:44","2026-03-31 11:49:44"
857,857,2025,567.83,,,"2026-03-31 11:49:44","2026-03-31 11:49:44"
858,858,2025,567.83,,,"2026-03-31 11:49:44","2026-03-31 11:49:44"
859,859,2025,567.83,,,"2026-03-31 11:49:44","2026-03-31 11:49:44"
860,860,2025,567.83,,,"2026-03-31 11:49:44","2026-03-31 11:49:44"
861,861,2025,563.98,,,"2026-03-31 11:49:44","2026-03-31 11:49:44"
862,862,2025,563.98,,,"2026-03-31 11:49:44","2026-03-31 11:49:44"
863,863,2025,563.98,,,"2026-03-31 11:49:44","2026-03-31 11:49:44"
864,864,2025,563.98,,,"2026-03-31 11:49:44","2026-03-31 11:49:44"
865,865,2025,563.98,,,"2026-03-31 11:49:44","2026-03-31 11:49:44"
866,866,2025,563.98,,,"2026-03-31 11:49:44","2026-03-31 11:49:44"
867,867,2025,559.94,,,"2026-03-31 11:49:44","2026-03-31 11:49:44"
868,868,2025,559.94,,,"2026-03-31 11:49:44","2026-03-31 11:49:44"
869,869,2025,559.94,,,"2026-03-31 11:49:44","2026-03-31 11:49:44"
870,870,2025,559.94,,,"2026-03-31 11:49:44","2026-03-31 11:49:44"
871,871,2025,559.94,,,"2026-03-31 11:49:44","2026-03-31 11:49:44"
872,872,2025,559.94,,,"2026-03-31 11:49:44","2026-03-31 11:49:44"
873,873,2025,559.94,,,"2026-03-31 11:49:44","2026-03-31 11:49:44"
874,874,2025,559.94,,,"2026-03-31 11:49:44","2026-03-31 11:49:44"
875,875,2025,559.94,,,"2026-03-31 11:49:44","2026-03-31 11:49:44"
876,876,2025,860.97,,,"2026-03-31 11:49:44","2026-03-31 11:49:44"
877,877,2025,860.97,,,"2026-03-31 11:49:44","2026-03-31 11:49:44"
878,878,2025,860.97,,,"2026-03-31 11:49:44","2026-03-31 11:49:44"
879,879,2025,860.97,,,"2026-03-31 11:49:44","2026-03-31 11:49:44"
880,880,2025,860.97,,,"2026-03-31 11:49:44","2026-03-31 11:49:44"
881,881,2025,860.97,,,"2026-03-31 11:49:44","2026-03-31 11:49:44"
882,882,2025,860.97,,,"2026-03-31 11:49:44","2026-03-31 11:49:44"
